Application,Correlation,P-value,N,Output
Social,0.6786505682266724,3.190773384136039e-235,1740,social_softirq_correlation.pdf
Hotel,0.6673595950246709,9.928792785347963e-225,1740,hotel_softirq_correlation.pdf
Feedback,0.6906415342838164,6.770058595971833e-247,1740,feedback_softriq_correlation.pdf
